month,num_posts
2012-10,1
2013-03,1
2014-10,1
2016-04,1
2016-09,1
2018-07,1
2019-06,2
2019-11,1
2020-03,1
2020-05,1
2020-10,1
2021-02,2
2021-03,1
2021-04,1
2021-08,1
2021-10,1
2021-11,1
2022-03,2
2022-08,1
2022-11,3
2022-12,3
2023-01,2
2023-02,3
2023-03,3
2023-05,4
2023-06,2
2023-08,2
2023-09,1
2023-10,7
2023-12,2
2024-01,4
2024-02,5
2024-03,8
2024-04,9
2024-05,4
2024-06,6
2024-07,9
2024-08,6
2024-09,12
2024-10,17
2024-11,16
2024-12,34
2025-01,44
2025-02,48
2025-03,49
2025-04,37
2025-05,77
2025-06,88
2025-07,77
2025-08,4
